Gordge,BRD,07/11/2025,21:37:48,Attohwa_Chasm,Tiamat
Fmtwo,SMN,07/11/2025,21:37:48,Attohwa_Chasm,Tiamat
Daveman,WHM,07/11/2025,21:37:48,Attohwa_Chasm,Tiamat
Crescentfresh,WHM,07/11/2025,21:37:48,Attohwa_Chasm,Tiamat
Lockon,THF,07/11/2025,21:37:48,Attohwa_Chasm,Tiamat
Veyron,PLD,07/11/2025,21:37:48,Attohwa_Chasm,Tiamat
Jahy,SMN,07/11/2025,21:37:48,Attohwa_Chasm,Tiamat
Chino,NONE,07/11/2025,21:37:48,Attohwa_Chasm,Tiamat
Vear,PLD,07/11/2025,21:37:48,Attohwa_Chasm,Tiamat
Sonomaa,RDM,07/11/2025,21:37:48,Attohwa_Chasm,Tiamat
Schmoe,BLM,07/11/2025,21:37:48,Attohwa_Chasm,Tiamat
Saki,NONE,07/11/2025,21:37:48,Attohwa_Chasm,Tiamat
Rorry,SMN,07/11/2025,21:37:48,Attohwa_Chasm,Tiamat
Rygor,SMN,07/11/2025,21:37:48,Attohwa_Chasm,Tiamat
Cannon,SMN,07/11/2025,21:37:48,Attohwa_Chasm,Tiamat
Nils,SMN,07/11/2025,21:37:48,Attohwa_Chasm,Tiamat
Natte,SMN,07/11/2025,21:37:48,Attohwa_Chasm,Tiamat
Heartbreaker,BLM,07/11/2025,21:37:48,Attohwa_Chasm,Tiamat
Neistar,SMN,07/11/2025,21:37:48,Attohwa_Chasm,Tiamat
Clynt,PLD,07/11/2025,21:37:48,Attohwa_Chasm,Tiamat
Prongles,WHM,07/11/2025,21:37:48,Attohwa_Chasm,Tiamat
Rallok,BRD,07/11/2025,21:37:48,Attohwa_Chasm,Tiamat
